{"cameraMode":{"drawMode":0,"name":"Shaded","section":"Shading Mode"},"sceneLighting":true,"audioPlay":false,"sceneViewState":{"showFog":true,"showMaterialUpdate":false,"showSkybox":true,"showFlares":true,"showImageEffects":true,"showParticleSystems":true},"in2DMode":false,"pivot":{"x":-3.684901237487793,"y":4.353303909301758,"z":-0.20399895310401917},"rotation":{"x":-0.16976232826709748,"y":-0.2936696708202362,"z":0.05306389182806015,"w":-0.9392367005348206},"size":2.1151559352874758,"orthographic":false}