{"cameraMode":{"drawMode":0,"name":"Shaded","section":"Shading Mode"},"sceneLighting":true,"audioPlay":false,"sceneViewState":{"showFog":true,"showMaterialUpdate":false,"showSkybox":true,"showFlares":true,"showImageEffects":true,"showParticleSystems":true},"in2DMode":false,"pivot":{"x":0.6107943654060364,"y":2.6254427433013918,"z":4.153031349182129},"rotation":{"x":-0.07639505714178086,"y":-0.0924084410071373,"z":0.0072566005401313309,"w":-0.9928194880485535},"size":5.350174903869629,"orthographic":false}